IP Address,Login Source,Login Date & Time
2604:ca00:10b:7ae9::660:e9a9,Mobile,"Apr 22, 2020, 9:05:32 PM"
209.107.188.58,Web,"Apr 22, 2020, 9:06:39 PM"
75.58.120.226,Web,"Apr 22, 2020, 11:43:03 PM"
75.58.120.226,Web,"Apr 23, 2020, 6:47:09 PM"
75.58.120.226,Web,"Apr 25, 2020, 2:35:02 AM"
209.107.188.58,Web,"May 23, 2020, 5:58:16 PM"
75.58.120.226,Web,"Jun 8, 2020, 3:15:02 AM"
73.19.12.93,Web,"Jul 26, 2020, 5:10:13 PM"
209.107.188.13,Web,"Sep 27, 2020, 6:07:27 AM"
75.58.120.226,Mobile,"Oct 25, 2020, 4:09:20 PM"
75.58.120.226,Web,"Oct 25, 2020, 4:09:47 PM"
75.58.120.226,Web,"Dec 12, 2020, 5:49:58 PM"
64.9.255.9,Web,"Jan 3, 2021, 10:12:03 PM"
2604:ca00:1e8:259a::263:2a10,Mobile,"Feb 25, 2021, 2:31:30 AM"
209.107.188.201,Web,"Jul 8, 2021, 2:25:44 AM"
75.58.120.226,Web,"Nov 21, 2021, 9:34:22 PM"
75.58.120.226,Web,"Jan 5, 2022, 5:08:41 AM"
75.58.120.226,Web,"Jan 8, 2022, 10:15:04 PM"
75.58.120.226,Web,"Jan 26, 2022, 11:53:48 PM"
128.120.238.236,Web,"Feb 11, 2022, 12:29:28 AM"
75.58.120.226,Web,"Feb 23, 2022, 4:01:26 AM"
75.58.120.226,Web,"Apr 4, 2022, 5:17:48 AM"
75.58.120.226,Web,"May 17, 2022, 10:10:33 PM"
75.58.120.226,Web,"Jun 9, 2022, 2:29:39 PM"
73.140.246.84,Web,"Jul 16, 2022, 9:02:13 PM"
73.140.246.84,Web,"Aug 23, 2022, 3:40:16 AM"
2607:fb90:462:6418:11ee:5efb:e9d2:315d,Web,"Oct 6, 2022, 3:36:29 AM"
76.121.186.202,Web,"Dec 3, 2022, 1:13:19 AM"
76.121.186.202,Web,"Dec 16, 2022, 7:26:08 PM"
76.121.186.202,Web,"Jan 7, 2023, 6:09:01 PM"
76.121.186.202,Web,"Feb 25, 2023, 6:04:42 AM"
76.121.186.202,Web,"Mar 16, 2023, 7:27:35 PM"
76.121.186.202,Web,"Aug 6, 2023, 2:30:50 AM"
2607:fb91:22e4:4abf:ac39:b718:b414:b223,Mobile,"Apr 4, 2024, 6:48:28 PM"
2600:1700:7c70:21a0:bcee:61e1:6d98:b30e,Web,"May 26, 2024, 2:48:33 PM"
169.237.240.165,Web,"Jul 26, 2024, 12:06:42 AM"
73.48.246.22,Web,"Oct 23, 2024, 5:13:32 AM"
169.237.62.149,Web,"Dec 6, 2024, 9:36:23 PM"
